sample,t0,offset
5_8_12,1.541783987536845e-09,0.016132957912838093
5_8_16,1.5414861219319265e-09,0.016047977061590706
5_8_20,1.5403356861851447e-09,0.01581967872914735
5_8_24,1.5409193203043141e-09,0.015886268948913096
5_8_28,1.5406095515500612e-09,0.01581956508138826
5_8_32,1.5412518408012365e-09,0.015981136816901498
5_8_36,1.5410724652701074e-09,0.01592996110182525
5_8_40,1.5418028200484024e-09,0.0161383308153715
5_8_45,1.5422704075525604e-09,0.01627173320718805
5_8_50,1.5407976605018575e-09,0.015851559491343512
5_8_55,1.541331044623578e-09,0.016003733612682786
5_8_60,1.541016719258101e-09,0.015914056803122377
5_8_65,1.5410421023402153e-09,0.01592129857890892
5_8_70,1.541312558580131e-09,0.015998459557261906
5_8_75,1.5415718167282686e-09,0.016072425727768923
5_8_80,1.5418046099652916e-09,0.01613884147742311
5_8_85,1.5420387537208708e-09,0.01620564252908812
5_8_90,1.5405765623312798e-09,0.015819578771147043
5_8_95,1.541097695825443e-09,0.015937159361827342
5_12_16,1.5407305406387396e-09,0.015832410240778225
5_12_20,1.5392312660500343e-09,0.015820137037825775
5_12_24,1.5407305406387396e-09,0.015832410240778225
5_12_28,1.5407305406387396e-09,0.015832410240778225
5_12_32,1.540147420666126e-09,0.015819756854960596
5_12_36,1.5407305406387396e-09,0.015832410240778225
5_12_40,1.540647426676287e-09,0.01581954936409144
5_12_45,1.5411287749241129e-09,0.015946026207201036
5_12_50,1.5395130617972846e-09,0.01582002009914238
5_12_55,1.5401826290990186e-09,0.015819742244279535
5_12_60,1.5407305406387396e-09,0.015832410240778225
5_12_65,1.5395642956429561e-09,0.01581999883828763
5_12_70,1.5407305406387396e-09,0.015832410240778225
5_12_75,1.5407305406387396e-09,0.015832410240778225
5_12_80,1.5407771047407442e-09,0.015845694946902654
5_12_85,1.5407305406387396e-09,0.015832410240778225
5_12_90,1.539926114412659e-09,0.015819848691910443
5_12_95,1.5407305406387396e-09,0.015832410240778225
5_16_20,1.5392312660500343e-09,0.015820137037825775
5_16_24,1.5404496661128229e-09,0.015819631430127393
5_16_28,1.5404496661128229e-09,0.015819631430127393
5_16_32,1.540147420666126e-09,0.015819756854960596
5_16_36,1.5404496661128229e-09,0.015819631430127393
5_16_40,1.540647426676287e-09,0.01581954936409144
5_16_45,1.5409111899199803e-09,0.01588394935588106
5_16_50,1.5414077070063631e-09,0.016025605337514966
5_16_55,1.5399473368471064e-09,0.01581983988509356
5_16_60,1.5404496661128229e-09,0.015819631430127393
5_16_65,1.5393783796423825e-09,0.01582007598910532
5_16_70,1.5404496661128229e-09,0.015819631430127393
5_16_75,1.5404496661128229e-09,0.015819631430127393
5_16_80,1.5405317366304977e-09,0.015819597372770687
5_16_85,1.5404496661128229e-09,0.015819631430127393
5_16_90,1.5396968333319696e-09,0.015819943838228163
5_16_95,1.5404496661128229e-09,0.015819631430127393
5_20_24,1.5392312660500343e-09,0.015820137037825775
5_20_28,1.5392312660500343e-09,0.015820137037825775
5_20_32,1.5392312660500343e-09,0.015820137037825775
5_20_36,1.5392312660500343e-09,0.015820137037825775
5_20_40,1.540647426676287e-09,0.01581954936409144
5_20_45,1.5413789794463603e-09,0.016017409384497965
5_20_50,1.539979854343998e-09,0.015819826391088383
5_20_55,1.54069481603907e-09,0.015822218037179453
5_20_60,1.5392312660500343e-09,0.015820137037825775
5_20_65,1.5396495934656316e-09,0.015819963441674387
5_20_70,1.5392312660500343e-09,0.015820137037825775
5_20_75,1.5392312660500343e-09,0.015820137037825775
5_20_80,1.541329595114133e-09,0.016003320068639835
5_20_85,1.5392312660500343e-09,0.015820137037825775
5_20_90,1.539917257758436e-09,0.015819852367215996
5_20_95,1.5392312660500343e-09,0.015820137037825775
5_24_28,1.5399678198802189e-09,0.015819831385111057
5_24_32,1.540147420666126e-09,0.015819756854960596
5_24_36,1.5399678198802189e-09,0.015819831385111057
5_24_40,1.540647426676287e-09,0.01581954936409144
5_24_45,1.5406530550153987e-09,0.015819547028461597
5_24_50,1.540950500414095e-09,0.01589516461268702
5_24_55,1.5396586258791884e-09,0.015819959693432757
5_24_60,1.5399678198802189e-09,0.015819831385111057
5_24_65,1.5414065170954737e-09,0.016025265856760527
5_24_70,1.5399678198802189e-09,0.015819831385111057
5_24_75,1.5399678198802189e-09,0.015819831385111057
5_24_80,1.540192646370908e-09,0.015819738087344618
5_24_85,1.5399678198802189e-09,0.015819831385111057
5_24_90,1.5392874817637063e-09,0.015820113709611627
5_24_95,1.5401292043223464e-09,0.01581976441431972
5_28_32,1.540147420666126e-09,0.015819756854960596
5_28_36,1.5396920332839693e-09,0.015819945830136472
5_28_40,1.540647426676287e-09,0.01581954936409144
5_28_45,1.5403398700653677e-09,0.015819676992934333
5_28_50,1.5406528489527322e-09,0.015819547113972803
5_28_55,1.5412429760661248e-09,0.015978607714099972
5_28_60,1.5396920332839693e-09,0.015819945830136472
5_28_65,1.5410619378921064e-09,0.015926957648156364
5_28_70,1.5396920332839693e-09,0.015819945830136472
5_28_75,1.5396920332839693e-09,0.015819945830136472
5_28_80,1.5399263810819926e-09,0.01581984858124886
5_28_85,1.5411042443757774e-09,0.01593902765871242
5_28_90,1.5412271395441227e-09,0.015974089565316367
5_28_95,1.5401292043223464e-09,0.01581976441431972
5_32_36,1.540147420666126e-09,0.015819756854960596
5_32_40,1.540647426676287e-09,0.01581954936409144
5_32_45,1.5398865776536557e-09,0.01581986509874617
5_32_50,1.5409499004080953e-09,0.01589499343138993
5_32_55,1.541664862103167e-09,0.01609897150892973
5_32_60,1.540147420666126e-09,0.015819756854960596
5_32_65,1.5407813138737449e-09,0.015846895809639095
5_32_70,1.540147420666126e-09,0.015819756854960596
5_32_75,1.540147420666126e-09,0.015819756854960596
5_32_80,1.5399115122464358e-09,0.015819854751469895
5_32_85,1.540147420666126e-09,0.015819756854960596
5_32_90,1.5412375982345683e-09,0.01597707342247317
5_32_95,1.540147420666126e-09,0.015819756854960596
5_36_40,1.540647426676287e-09,0.01581954936409144
5_36_45,1.5408850795578664e-09,0.01587650008761316
5_36_50,1.5411363366158916e-09,0.01594818355264014
5_36_55,1.5399062869416578e-09,0.0158198569198499
5_36_60,1.5401549470040155e-09,0.01581975373170537
5_36_65,1.5416071473846052e-09,0.016082505539606967
5_36_70,1.5401549470040155e-09,0.01581975373170537
5_36_75,1.5401549470040155e-09,0.01581975373170537
5_36_80,1.5404201557167087e-09,0.015819643676255664
5_36_85,1.5411042443757774e-09,0.01593902765871242
5_36_90,1.5394144325281636e-09,0.015820061027995967
5_36_95,1.5401292043223464e-09,0.01581976441431972
5_40_45,1.5396961848406362e-09,0.01581994410733698
5_40_50,1.5412960796274628e-09,0.015993758123453265
5_40_55,1.5394623693711688e-09,0.01582004113532066
5_40_60,1.540647426676287e-09,0.01581954936409144
5_40_65,1.5406380124407302e-09,0.01581955327078033
5_40_70,1.540647426676287e-09,0.01581954936409144
5_40_75,1.540647426676287e-09,0.01581954936409144
5_40_80,1.5401173001629004e-09,0.015819769354269132
5_40_85,1.540647426676287e-09,0.01581954936409144
5_40_90,1.5407864280663005e-09,0.01584835488524112
5_40_95,1.540647426676287e-09,0.01581954936409144
5_45_50,1.5403985201468177e-09,0.01581965265451411
5_45_55,1.5403985201468177e-09,0.01581965265451411
5_45_60,1.5407944230957456e-09,0.015850635861616984
5_45_65,1.5410421023402153e-09,0.01592129857890892
5_45_70,1.5411678561230057e-09,0.01595717604623865
5_45_75,1.5414646924247023e-09,0.01604186323798817
5_45_80,1.5403985201468177e-09,0.01581965265451411
5_45_85,1.5399523237656622e-09,0.015819837815638307
5_45_90,1.5405765623312798e-09,0.015819578771147043
5_45_95,1.5408164031135264e-09,0.01585690674550083
5_50_55,1.541331044623578e-09,0.016003733612682786
5_50_60,1.5410913200041086e-09,0.015935340344406513
5_50_65,1.5410421023402153e-09,0.01592129857890892
5_50_70,1.541387100739694e-09,0.01601972638387392
5_50_75,1.5399445913651058e-09,0.015819841024404764
5_50_80,1.5401417701045697e-09,0.0158197591998123
5_50_85,1.5403091758190312e-09,0.015819689730332955
5_50_90,1.5405765623312798e-09,0.015819578771147043
5_50_95,1.5411186334085564e-09,0.015943132839820955
5_55_60,1.5399348538939932e-09,0.015819845065228884
5_55_65,1.5410421023402153e-09,0.01592129857890892
5_55_70,1.5401623864723496e-09,0.01581975064449899
5_55_75,1.5405006726834952e-09,0.015819610263586432
5_55_80,1.5401417701045697e-09,0.0158197591998123
5_55_85,1.5408993029324238e-09,0.015880558006545503
5_55_90,1.5405765623312798e-09,0.015819578771147043
5_55_95,1.5397988979889803e-09,0.01581990148376848
5_60_65,1.5414693995424794e-09,0.0160432061754372
5_60_70,1.5403950403140393e-09,0.015819654098563823
5_60_75,1.54068828062018e-09,0.015820353486686378
5_60_80,1.540418495094041e-09,0.015819644365375453
5_60_85,1.5411042443757774e-09,0.01593902765871242
5_60_90,1.5413352315341326e-09,0.01600492813537074
5_60_95,1.5401292043223464e-09,0.01581976441431972
5_65_70,1.5398402620389837e-09,0.01581988431864945
5_65_75,1.5401850634667964e-09,0.015819741234073544
5_65_80,1.5410421023402153e-09,0.01592129857890892
5_65_85,1.540674391592401e-09,0.015819538174278187
5_65_90,1.5405765623312798e-09,0.015819578771147043
5_65_95,1.5415855623202697e-09,0.016076347335668113
5_70_75,1.5403950403140393e-09,0.015819654098563823
5_70_80,1.5406762552474007e-09,0.0158195374009047
5_70_85,1.5411042443757774e-09,0.01593902765871242
5_70_90,1.5397398923484181e-09,0.015819925969737476
5_70_95,1.5401292043223464e-09,0.01581976441431972
5_75_80,1.5409943897418774e-09,0.0159076862075743
5_75_85,1.5411042443757774e-09,0.01593902765871242
5_75_90,1.5398903534489892e-09,0.015819863531878937
5_75_95,1.5401292043223464e-09,0.01581976441431972
5_80_85,1.5414232475658091e-09,0.01603003904838582
5_80_90,1.5405765623312798e-09,0.015819578771147043
5_80_95,1.5403429943390344e-09,0.015819675696433406
5_85_90,1.5407884078840792e-09,0.015848919725885265
5_85_95,1.5401292043223464e-09,0.01581976441431972
5_90_95,1.539527779116175e-09,0.015820013991797256
8_12_16,1.4914373022518101e-09,0.023284948258087797
8_12_20,1.4868497897100184e-09,0.024779221393592406
8_12_24,1.539686208983302e-09,0.015819948247085786
8_12_28,1.541783987536845e-09,0.016132957912838093
8_12_32,1.5412518408012365e-09,0.015981136816901498
8_12_36,1.541783987536845e-09,0.016132957912838093
8_12_40,1.5418028200484024e-09,0.0161383308153715
8_12_45,1.5411287749241129e-09,0.015946026207201036
8_12_50,1.5416790167901678e-09,0.016103009831349664
8_12_55,1.5423599326902363e-09,0.016310222848531886
8_12_60,1.541783987536845e-09,0.016132957912838093
8_12_65,1.5419764197641975e-09,0.01618785869432424
8_12_70,1.541783987536845e-09,0.016132957912838093
8_12_75,1.541783987536845e-09,0.016132957912838093
8_12_80,1.5407771047407442e-09,0.015845694946902654
8_12_85,1.541783987536845e-09,0.016132957912838093
8_12_90,1.5427131665256044e-09,0.016474077688266593
8_12_95,1.541783987536845e-09,0.016132957912838093
8_16_20,1.5403356861851447e-09,0.01581967872914735
8_16_24,1.5414861219319265e-09,0.016047977061590706
8_16_28,1.5414861219319265e-09,0.016047977061590706
8_16_32,1.5412518408012365e-09,0.015981136816901498
8_16_36,1.5414861219319265e-09,0.016047977061590706
8_16_40,1.5418028200484024e-09,0.0161383308153715
8_16_45,1.5409111899199803e-09,0.01588394935588106
8_16_50,1.5414077070063631e-09,0.016025605337514966
8_16_55,1.5420772743080972e-09,0.016216632426004747
8_16_60,1.5414861219319265e-09,0.016047977061590706
8_16_65,1.5417431376333966e-09,0.01612130346361304
8_16_70,1.5414861219319265e-09,0.016047977061590706
8_16_75,1.5414861219319265e-09,0.016047977061590706
8_16_80,1.5426717499498228e-09,0.01645486575071253
8_16_85,1.5414861219319265e-09,0.016047977061590706
8_16_90,1.5424365193146882e-09,0.016345749142501698
8_16_95,1.5414861219319265e-09,0.016047977061590706
8_20_24,1.5403356861851447e-09,0.01581967872914735
8_20_28,1.5403356861851447e-09,0.01581967872914735
8_20_32,1.5426611599449329e-09,0.01644995335733373
8_20_36,1.5426611599449329e-09,0.01644995335733373
8_20_40,1.5418028200484024e-09,0.0161383308153715
8_20_45,1.5413789794463603e-09,0.016017409384497965
8_20_50,1.5423735045431264e-09,0.01631651843394168
8_20_55,1.5430998148365326e-09,0.016653432525423766
8_20_60,1.5426611599449329e-09,0.01644995335733373
8_20_65,1.5422894127931177e-09,0.016277510731844514
8_20_70,1.5426611599449329e-09,0.01644995335733373
8_20_75,1.5426611599449329e-09,0.01644995335733373
8_20_80,1.541329595114133e-09,0.016003320068639835
8_20_85,1.5426611599449329e-09,0.01644995335733373
8_20_90,1.5429320050776265e-09,0.01657559048879425
8_20_95,1.5426611599449329e-09,0.01644995335733373
8_24_28,1.5409193203043141e-09,0.015886268948913096
8_24_32,1.5412518408012365e-09,0.015981136816901498
8_24_36,1.5409193203043141e-09,0.015886268948913096
8_24_40,1.5418028200484024e-09,0.0161383308153715
8_24_45,1.5427768772637222e-09,0.01650363123534618
8_24_50,1.5428438506607287e-09,0.016534698234410894
8_24_55,1.5415633247241566e-09,0.016070002964864025
8_24_60,1.5427444941116077e-09,0.016488609638691105
8_24_65,1.5414065170954737e-09,0.016025265856760527
8_24_70,1.5427444941116077e-09,0.016488609638691105
8_24_75,1.5427444941116077e-09,0.016488609638691105
8_24_80,1.5421074210742105e-09,0.016225233277544375
8_24_85,1.5427444941116077e-09,0.016488609638691105
8_24_90,1.5418019291304023e-09,0.016138076637081743
8_24_95,1.541097695825443e-09,0.015937159361827342
8_28_32,1.5412518408012365e-09,0.015981136816901498
8_28_36,1.5423604902715695e-09,0.016310481494196116
8_28_40,1.5418028200484024e-09,0.0161383308153715
8_28_45,1.542389457227906e-09,0.016323918417596072
8_28_50,1.5424719641135808e-09,0.016362190947505774
8_28_55,1.5430734398253079e-09,0.0166411979295144
8_28_60,1.5423604902715695e-09,0.016310481494196116
8_28_65,1.5431272221813128e-09,0.01666614599066076
8_28_70,1.5423604902715695e-09,0.016310481494196116
8_28_75,1.5423604902715695e-09,0.016310481494196116
8_28_80,1.5417669206995101e-09,0.016128088755940302
8_28_85,1.5420387537208708e-09,0.01620564252908812
8_28_90,1.5412271395441227e-09,0.015974089565316367
8_28_95,1.541097695825443e-09,0.015937159361827342
8_32_36,1.5412518408012365e-09,0.015981136816901498
8_32_40,1.5418028200484024e-09,0.0161383308153715
8_32_45,1.542483754130471e-09,0.016367659991336193
8_32_50,1.5433166048832208e-09,0.016753995084271372
8_32_55,1.541664862103167e-09,0.01609897150892973
8_32_60,1.5412518408012365e-09,0.015981136816901498
8_32_65,1.5433941874772284e-09,0.016789983379373572
8_32_70,1.5412518408012365e-09,0.015981136816901498
8_32_75,1.5412518408012365e-09,0.015981136816901498
8_32_80,1.54229964117823e-09,0.016282255380390374
8_32_85,1.5412518408012365e-09,0.015981136816901498
8_32_90,1.5412375982345683e-09,0.01597707342247317
8_32_95,1.5412518408012365e-09,0.015981136816901498
8_36_40,1.5418028200484024e-09,0.0161383308153715
8_36_45,1.5429243797488483e-09,0.01657205332190999
8_36_50,1.5429451648051835e-09,0.01658169490132188
8_36_55,1.5417264637292842e-09,0.016116546410292042
8_36_60,1.5428131170200591e-09,0.016520441797846324
8_36_65,1.5416071473846052e-09,0.016082505539606967
8_36_70,1.5428131170200591e-09,0.016520441797846324
8_36_75,1.5428131170200591e-09,0.016520441797846324
8_36_80,1.5422504083626695e-09,0.016266027452132344
8_36_85,1.5420387537208708e-09,0.01620564252908812
8_36_90,1.5418443578375178e-09,0.016150181517902037
8_36_95,1.541097695825443e-09,0.015937159361827342
8_40_45,1.542498025990361e-09,0.016374280289509394
8_40_50,1.5412960796274628e-09,0.015993758123453265
8_40_55,1.542045087117538e-09,0.016207449442780686
8_40_60,1.5418028200484024e-09,0.0161383308153715
8_40_65,1.5434555507171232e-09,0.016818447990721158
8_40_70,1.5418028200484024e-09,0.0161383308153715
8_40_75,1.5418028200484024e-09,0.0161383308153715
8_40_80,1.5427100937676041e-09,0.016472652325746722
8_40_85,1.5418028200484024e-09,0.0161383308153715
8_40_90,1.5407864280663005e-09,0.01584835488524112
8_40_95,1.5418028200484024e-09,0.0161383308153715
8_45_50,1.5431466617696479e-09,0.016675163446839218
8_45_55,1.5431466617696479e-09,0.016675163446839218
8_45_60,1.5427260939276054e-09,0.016480074331767163
8_45_65,1.5419337294383042e-09,0.016175679173847397
8_45_70,1.5432018209070979e-09,0.016700750156609937
8_45_75,1.5414646924247023e-09,0.01604186323798817
8_45_80,1.5431466617696479e-09,0.016675163446839218
8_45_85,1.5420092231225346e-09,0.016197217469789534
8_45_90,1.5415757995963796e-09,0.016073562037288686
8_45_95,1.5429794348448536e-09,0.01659759176989908
8_50_55,1.5421304344356576e-09,0.016231798973662108
8_50_60,1.5427925188342786e-09,0.016510886902216432
8_50_65,1.5419337294383042e-09,0.016175679173847397
8_50_70,1.5431905935220967e-09,0.016695542101248812
8_50_75,1.541668724768056e-09,0.016100073524553362
8_50_80,1.5426039997773712e-09,0.016423438428249258
8_50_85,1.5421356031742138e-09,0.01623327361120049
8_50_90,1.5415757995963796e-09,0.016073562037288686
8_50_95,1.543051193138194e-09,0.01663087834235519
8_55_60,1.5416474013224978e-09,0.01609398996027081
8_55_65,1.5419337294383042e-09,0.016175679173847397
8_55_70,1.5419772278530868e-09,0.016188089241525955
8_55_75,1.5422361546847798e-09,0.01626196088768022
8_55_80,1.5426039997773712e-09,0.016423438428249258
8_55_85,1.542737078885941e-09,0.016485169932492133
8_55_90,1.5415757995963796e-09,0.016073562037288686
8_55_95,1.5417428063169525e-09,0.016121208939260518
8_60_65,1.5414693995424794e-09,0.0160432061754372
8_60_70,1.541312558580131e-09,0.015998459557261906
8_60_75,1.5415718167282686e-09,0.016072425727768923
8_60_80,1.5421411183808802e-09,0.016234847095851167
8_60_85,1.5420387537208708e-09,0.01620564252908812
8_60_90,1.5413352315341326e-09,0.01600492813537074
8_60_95,1.5429620791157408e-09,0.016589540955035058
8_65_70,1.5418899239497442e-09,0.016163181498232433
8_65_75,1.5421553659981046e-09,0.01623891193119969
8_65_80,1.5419337294383042e-09,0.016175679173847397
8_65_85,1.5427469880759416e-09,0.0164897665157661
8_65_90,1.5415757995963796e-09,0.016073562037288686
8_65_95,1.5415855623202697e-09,0.016076347335668113
8_70_75,1.541312558580131e-09,0.015998459557261906
8_70_80,1.542501172486472e-09,0.016375739856981108
8_70_85,1.5420387537208708e-09,0.01620564252908812
8_70_90,1.5421644822508828e-09,0.016241512791817642
8_70_95,1.5429620791157408e-09,0.016589540955035058
8_75_80,1.5427399476014963e-09,0.016486500645692542
8_75_85,1.5420387537208708e-09,0.01620564252908812
8_75_90,1.5422355839720016e-09,0.016261798063718986
8_75_95,1.5429620791157408e-09,0.016589540955035058
8_80_85,1.5414232475658091e-09,0.01603003904838582
8_80_90,1.5415757995963796e-09,0.016073562037288686
8_80_95,1.5422969785253408e-09,0.01628102025363082
8_85_90,1.5432359323593238e-09,0.0167165734611124
8_85_95,1.5429620791157408e-09,0.016589540955035058
8_90_95,1.5420814359658748e-09,0.016217819744092813
12_16_20,1.4853582354005362e-09,0.025358069384321127
12_16_24,1.4910243769104357e-09,0.023386425221035703
12_16_28,1.4908657813850867e-09,0.023433715304806178
12_16_32,1.4865707929806576e-09,0.024872695640672304
12_16_36,1.489447561142278e-09,0.023908871661276115
12_16_40,1.4871548796296044e-09,0.024677004960481003
12_16_45,1.4908038080380803e-09,0.023454478673479762
12_16_50,1.4875301419680862e-09,0.024551278165663784
12_16_55,1.4879273429097929e-09,0.024418201125475648
12_16_60,1.486266026296626e-09,0.024974803777890277
12_16_65,1.4864975649756495e-09,0.02489722973700025
12_16_70,1.4877876899981117e-09,0.024464990027990165
12_16_75,1.4873174852960652e-09,0.02462252603422918
12_16_80,1.4860926185019423e-09,0.025032901817544646
12_16_85,1.4867737404646773e-09,0.024804700710018564
12_16_90,1.4869721242666969e-09,0.02473823478201604
12_16_95,1.4873585614644024e-09,0.024608763995093326
12_20_24,1.4866212540913287e-09,0.02485578929794354
12_20_28,1.486335465374856e-09,0.02495153911249313
12_20_32,1.4859886821090432e-09,0.02507179318596979
12_20_36,1.4847350291684736e-09,0.0256410577931689
12_20_40,1.4859725566952635e-09,0.025079115489491138
12_20_45,1.4862724132291829e-09,0.024972663918712362
12_20_50,1.484925899764048e-09,0.02555438637789965
12_20_55,1.4853798436974272e-09,0.025348257387520504
12_20_60,1.4856033610841153e-09,0.02524676156422088
12_20_65,1.4842133875884213e-09,0.025877927248468175
12_20_70,1.4850003954584997e-09,0.025520559023559684
12_20_75,1.484513365335674e-09,0.025741711946025217
12_20_80,1.4857828780308004e-09,0.025165245667090802
12_20_85,1.4859636980208189e-09,0.025083138077932346
12_20_90,1.4856518060130094e-09,0.025224763463689827
12_20_95,1.4865277794192084e-09,0.024887106778322305
12_24_28,1.4870970164247096e-09,0.024696391279179337
12_24_32,1.4859924033583772e-09,0.025070103423618637
12_24_36,1.4875518088514218e-09,0.02454401895652893
12_24_40,1.486388577017083e-09,0.024933744743434644
12_24_45,1.4860109540489343e-09,0.025061679839043133
12_24_50,1.4875301419680862e-09,0.024551278165663784
12_24_55,1.485750039318575e-09,0.025180157223559877
12_24_60,1.486266026296626e-09,0.024974803777890277
12_24_65,1.4864975649756495e-09,0.02489722973700025
12_24_70,1.4858860406785882e-09,0.02511840108812475
12_24_75,1.4873174852960652e-09,0.02462252603422918
12_24_80,1.4860926185019423e-09,0.025032901817544646
12_24_85,1.4867737404646773e-09,0.024804700710018564
12_24_90,1.4869721242666969e-09,0.02473823478201604
12_24_95,1.4874197105607418e-09,0.024588276780949155
12_28_32,1.4856784567845684e-09,0.02521266175634152
12_28_36,1.4875518088514218e-09,0.02454401895652893
12_28_40,1.486075547624163e-09,0.02503862119443868
12_28_45,1.4860109540489343e-09,0.025061679839043133
12_28_50,1.4875301419680862e-09,0.024551278165663784
12_28_55,1.485750039318575e-09,0.025180157223559877
12_28_60,1.486266026296626e-09,0.024974803777890277
12_28_65,1.4864975649756495e-09,0.02489722973700025
12_28_70,1.4858860406785882e-09,0.02511840108812475
12_28_75,1.4873174852960652e-09,0.02462252603422918
12_28_80,1.4860926185019423e-09,0.025032901817544646
12_28_85,1.4870970164247096e-09,0.024696391279179337
12_28_90,1.4869721242666969e-09,0.02473823478201604
12_28_95,1.4870970164247096e-09,0.024696391279179337
12_32_36,1.4861900982646194e-09,0.025000242483355882
12_32_40,1.4859725566952635e-09,0.025079115489491138
12_32_45,1.485345871640535e-09,0.025363683578451594
12_32_50,1.4865156974802075e-09,0.024891154675779584
12_32_55,1.4869696414135865e-09,0.02473906662985044
12_32_60,1.4848968610898226e-09,0.025567572395290585
12_32_65,1.4859109682005913e-09,0.02510708188201731
12_32_70,1.4864554645546456e-09,0.02491133493874981
12_32_75,1.486022325879825e-09,0.02505651606473559
12_32_80,1.4849845468151654e-09,0.025527755649858992
12_32_85,1.485314771329532e-09,0.025377805753540036
12_32_90,1.4844693679260028e-09,0.02576169049616748
12_32_95,1.4859153197592586e-09,0.025105105905847743
12_36_40,1.4866440381575532e-09,0.024848155791125606
12_36_45,1.4860109540489343e-09,0.025061679839043133
12_36_50,1.4875301419680862e-09,0.024551278165663784
12_36_55,1.485750039318575e-09,0.025180157223559877
12_36_60,1.486266026296626e-09,0.024974803777890277
12_36_65,1.4864975649756495e-09,0.02489722973700025
12_36_70,1.4858860406785882e-09,0.02511840108812475
12_36_75,1.4873174852960652e-09,0.02462252603422918
12_36_80,1.4860926185019423e-09,0.025032901817544646
12_36_85,1.4856560565605655e-09,0.02522283335511945
12_36_90,1.4869721242666969e-09,0.02473823478201604
12_36_95,1.4856560565605655e-09,0.02522283335511945
12_40_45,1.4864612029958683e-09,0.024909412348209193
12_40_50,1.4847259583706946e-09,0.025645176703568584
12_40_55,1.4852252966974115e-09,0.025418434814151656
12_40_60,1.4853316007907544e-09,0.025370163752853767
12_40_65,1.4871047851892656e-09,0.02469378845505567
12_40_70,1.4869388895909156e-09,0.024749369630452177
12_40_75,1.4865349865619869e-09,0.024884692118313994
12_40_80,1.4856686344641221e-09,0.025217121921678902
12_40_85,1.4856714526741229e-09,0.02521584221566368
12_40_90,1.4865145015086511e-09,0.024891555370587033
12_40_95,1.486299474105852e-09,0.024963597521849016
12_45_50,1.4860109540489343e-09,0.025061679839043133
12_45_55,1.4860109540489343e-09,0.025061679839043133
12_45_60,1.4860109540489343e-09,0.025061679839043133
12_45_65,1.4864975649756495e-09,0.02489722973700025
12_45_70,1.4860109540489343e-09,0.025061679839043133
12_45_75,1.4860109540489343e-09,0.025061679839043133
12_45_80,1.4860109540489343e-09,0.025061679839043133
12_45_85,1.4860109540489343e-09,0.025061679839043133
12_45_90,1.4869721242666969e-09,0.02473823478201604
12_45_95,1.4860109540489343e-09,0.025061679839043133
12_50_55,1.485750039318575e-09,0.025180157223559877
12_50_60,1.4875301419680862e-09,0.024551278165663784
12_50_65,1.4864975649756495e-09,0.02489722973700025
12_50_70,1.4875301419680862e-09,0.024551278165663784
12_50_75,1.4875301419680862e-09,0.024551278165663784
12_50_80,1.4860926185019423e-09,0.025032901817544646
12_50_85,1.485364186975203e-09,0.025355366865382072
12_50_90,1.4869721242666969e-09,0.02473823478201604
12_50_95,1.485364186975203e-09,0.025355366865382072
12_55_60,1.485750039318575e-09,0.025180157223559877
12_55_65,1.4864975649756495e-09,0.02489722973700025
12_55_70,1.485750039318575e-09,0.025180157223559877
12_55_75,1.485750039318575e-09,0.025180157223559877
12_55_80,1.4860926185019423e-09,0.025032901817544646
12_55_85,1.485750039318575e-09,0.025180157223559877
12_55_90,1.4869721242666969e-09,0.02473823478201604
12_55_95,1.485750039318575e-09,0.025180157223559877
12_60_65,1.4864975649756495e-09,0.02489722973700025
12_60_70,1.486266026296626e-09,0.024974803777890277
12_60_75,1.486266026296626e-09,0.024974803777890277
12_60_80,1.4860926185019423e-09,0.025032901817544646
12_60_85,1.486266026296626e-09,0.024974803777890277
12_60_90,1.4869721242666969e-09,0.02473823478201604
12_60_95,1.486266026296626e-09,0.024974803777890277
12_65_70,1.4864975649756495e-09,0.02489722973700025
12_65_75,1.4864975649756495e-09,0.02489722973700025
12_65_80,1.4864975649756495e-09,0.02489722973700025
12_65_85,1.4864975649756495e-09,0.02489722973700025
12_65_90,1.4869721242666969e-09,0.02473823478201604
12_65_95,1.4864975649756495e-09,0.02489722973700025
12_70_75,1.4873174852960652e-09,0.02462252603422918
12_70_80,1.4860926185019423e-09,0.025032901817544646
12_70_85,1.4858860406785882e-09,0.02511840108812475
12_70_90,1.4869721242666969e-09,0.02473823478201604
12_70_95,1.4858860406785882e-09,0.02511840108812475
12_75_80,1.4860926185019423e-09,0.025032901817544646
12_75_85,1.4853281229781995e-09,0.02537174297429054
12_75_90,1.4869721242666969e-09,0.02473823478201604
12_75_95,1.4853281229781995e-09,0.02537174297429054
12_80_85,1.4860926185019423e-09,0.025032901817544646
12_80_90,1.4869721242666969e-09,0.02473823478201604
12_80_95,1.4860926185019423e-09,0.025032901817544646
12_85_90,1.4869721242666969e-09,0.02473823478201604
12_85_95,1.4867737404646773e-09,0.024804700710018564
12_90_95,1.4869721242666969e-09,0.02473823478201604
16_20_24,1.4906813108535126e-09,0.023495519771427824
16_20_28,1.490559620747723e-09,0.02353629046806583
16_20_32,1.465766350592799e-09,0.034254444328647334
16_20_36,1.4911053716597773e-09,0.023366520651481888
16_20_40,1.4636492869979206e-09,0.035280652818071204
16_20_45,1.4915206576308187e-09,0.02326446356059026
16_20_50,1.4897132001623046e-09,0.023819872742009442
16_20_55,1.4901898412923526e-09,0.02366018029378381
16_20_60,1.4900881736090081e-09,0.023694242736647393
16_20_65,1.4894930262433936e-09,0.023893639166956387
16_20_70,1.4913884290358052e-09,0.023296958917237914
16_20_75,1.4911645379080056e-09,0.023351980465696125
16_20_80,1.4906130273423946e-09,0.023518397279004215
16_20_85,1.4901716895956842e-09,0.023666261785072966
16_20_90,1.4886665533321998e-09,0.02417053823055048
16_20_95,1.4905011625873835e-09,0.023555876118893863
16_24_28,1.5137728306576e-09,0.017847506614947814
16_24_32,1.4920016513296448e-09,0.023146258706435524
16_24_36,1.5143754306229934e-09,0.01770847850938963
16_24_40,1.4908040716770801e-09,0.02345439034464144
16_24_45,1.512722459547828e-09,0.01808984168615749
16_24_50,1.4926801631652682e-09,0.022979513502147414
16_24_55,1.4909587752443186e-09,0.023402558914569407
16_24_60,1.4911700712966722e-09,0.023350620627922983
16_24_65,1.4920832198220974e-09,0.0231262131387337
16_24_70,1.4924365748707992e-09,0.023039375656042034
16_24_75,1.4921488154275486e-09,0.02311009292968637
16_24_80,1.49131143028602e-09,0.023315881464478397
16_24_85,1.491397276599029e-09,0.023294784616570224
16_24_90,1.4931221716257568e-09,0.022870889323213853
16_24_95,1.4918745470282988e-09,0.023177494760961165
16_28_32,1.4919338526718606e-09,0.023162920318583097
16_28_36,1.5217689752655104e-09,0.016445575289380256
16_28_40,1.4906551408948433e-09,0.023504287677733854
16_28_45,1.4915809117687138e-09,0.023249656024442678
16_28_50,1.4926801631652682e-09,0.022979513502147414
16_28_55,1.4909587752443186e-09,0.023402558914569407
16_28_60,1.4911700712966722e-09,0.023350620627922983
16_28_65,1.4920832198220974e-09,0.0231262131387337
16_28_70,1.4924365748707992e-09,0.023039375656042034
16_28_75,1.4921488154275486e-09,0.02311009292968637
16_28_80,1.49131143028602e-09,0.023315881464478397
16_28_85,1.491728634458062e-09,0.023213352973088044
16_28_90,1.4931221716257568e-09,0.022870889323213853
16_28_95,1.491728634458062e-09,0.023213352973088044
16_32_36,1.4903831018108164e-09,0.0235954308556987
16_32_40,1.4891136790155782e-09,0.024020734551132236
16_32_45,1.4905402245941655e-09,0.023542788898546337
16_32_50,1.4912491064304586e-09,0.023331197636550966
16_32_55,1.4917257475605065e-09,0.023214062432079522
16_32_60,1.491543242705154e-09,0.023258913247926276
16_32_65,1.4911367154075583e-09,0.02335881788293386
16_32_70,1.4906602621581771e-09,0.023502571864665693
16_32_75,1.4904025494800408e-09,0.023588915165560078
16_32_80,1.489760804678754e-09,0.023803923464242243
16_32_85,1.4915459215198219e-09,0.023258254925586672
16_32_90,1.4904449711163781e-09,0.023574702344765965
16_32_95,1.4898348114794282e-09,0.02377912844249538
16_36_40,1.491246371049569e-09,0.02333186986011626
16_36_45,1.4915809117687138e-09,0.023249656024442678
16_36_50,1.4926801631652682e-09,0.022979513502147414
16_36_55,1.4909587752443186e-09,0.023402558914569407
16_36_60,1.4911700712966722e-09,0.023350620627922983
16_36_65,1.4920832198220974e-09,0.0231262131387337
16_36_70,1.4924365748707992e-09,0.023039375656042034
16_36_75,1.4921488154275486e-09,0.02311009292968637
16_36_80,1.49131143028602e-09,0.023315881464478397
16_36_85,1.4921947966954419e-09,0.02309879297070884
16_36_90,1.4931221716257568e-09,0.022870889323213853
16_36_95,1.4921947966954419e-09,0.02309879297070884
16_40_45,1.4920648852953174e-09,0.02313071887356831
16_40_50,1.4898686966667644e-09,0.023767775648573082
16_40_55,1.4903907321901503e-09,0.023592874395754464
16_40_60,1.4901718512134607e-09,0.023666207637126395
16_40_65,1.4899223234656586e-09,0.023749808682933655
16_40_70,1.491553016540266e-09,0.023256511314685212
16_40_75,1.4913245395080214e-09,0.023312659855383517
16_40_80,1.4908542216735295e-09,0.023437588236710185
16_40_85,1.4902348821468014e-09,0.02364508993782484
16_40_90,1.4897069677767482e-09,0.023821960822212895
16_40_95,1.4906282951718406e-09,0.02351328199014295
16_45_50,1.4915809117687138e-09,0.023249656024442678
16_45_55,1.4915809117687138e-09,0.023249656024442678
16_45_60,1.4915809117687138e-09,0.023249656024442678
16_45_65,1.4920832198220974e-09,0.0231262131387337
16_45_70,1.4915809117687138e-09,0.023249656024442678
16_45_75,1.4915809117687138e-09,0.023249656024442678
16_45_80,1.4915809117687138e-09,0.023249656024442678
16_45_85,1.4915809117687138e-09,0.023249656024442678
16_45_90,1.4903824856430384e-09,0.023595637294746397
16_45_95,1.4915809117687138e-09,0.023249656024442678
16_50_55,1.4909587752443186e-09,0.023402558914569407
16_50_60,1.4905615743026118e-09,0.023535635954757436
16_50_65,1.4920832198220974e-09,0.0231262131387337
16_50_70,1.4905615743026118e-09,0.023535635954757436
16_50_75,1.4905615743026118e-09,0.023535635954757436
16_50_80,1.49131143028602e-09,0.023315881464478397
16_50_85,1.4905615743026118e-09,0.023535635954757436
16_50_90,1.4903824856430384e-09,0.023595637294746397
16_50_95,1.4905615743026118e-09,0.023535635954757436
16_55_60,1.4909587752443186e-09,0.023402558914569407
16_55_65,1.4920832198220974e-09,0.0231262131387337
16_55_70,1.4909587752443186e-09,0.023402558914569407
16_55_75,1.4909587752443186e-09,0.023402558914569407
16_55_80,1.49131143028602e-09,0.023315881464478397
16_55_85,1.4909587752443186e-09,0.023402558914569407
16_55_90,1.4903824856430384e-09,0.023595637294746397
16_55_95,1.4909587752443186e-09,0.023402558914569407
16_60_65,1.4920832198220974e-09,0.0231262131387337
16_60_70,1.4911700712966722e-09,0.023350620627922983
16_60_75,1.4911700712966722e-09,0.023350620627922983
16_60_80,1.49131143028602e-09,0.023315881464478397
16_60_85,1.4911700712966722e-09,0.023350620627922983
16_60_90,1.4903824856430384e-09,0.023595637294746397
16_60_95,1.4911700712966722e-09,0.023350620627922983
16_65_70,1.4920832198220974e-09,0.0231262131387337
16_65_75,1.4920832198220974e-09,0.0231262131387337
16_65_80,1.4920832198220974e-09,0.0231262131387337
16_65_85,1.4920832198220974e-09,0.0231262131387337
16_65_90,1.4903824856430384e-09,0.023595637294746397
16_65_95,1.4920832198220974e-09,0.0231262131387337
16_70_75,1.4921488154275486e-09,0.02311009292968637
16_70_80,1.49131143028602e-09,0.023315881464478397
16_70_85,1.4905822916815026e-09,0.023528694864810844
16_70_90,1.4903824856430384e-09,0.023595637294746397
16_70_95,1.4905822916815026e-09,0.023528694864810844
16_75_80,1.49131143028602e-09,0.023315881464478397
16_75_85,1.4921488154275486e-09,0.02311009292968637
16_75_90,1.4903824856430384e-09,0.023595637294746397
16_75_95,1.4921488154275486e-09,0.02311009292968637
16_80_85,1.49131143028602e-09,0.023315881464478397
16_80_90,1.4903824856430384e-09,0.023595637294746397
16_80_95,1.49131143028602e-09,0.023315881464478397
16_85_90,1.4903824856430384e-09,0.023595637294746397
16_85_95,1.491397276599029e-09,0.023294784616570224
16_90_95,1.4903824856430384e-09,0.023595637294746397
20_24_28,1.5137924752984906e-09,0.017842974325926467
20_24_32,1.464290941899318e-09,0.03496064184282503
20_24_36,1.514463294127891e-09,0.017690120869100823
20_24_40,1.462103356387099e-09,0.03606531289712587
20_24_45,1.5125136352373625e-09,0.01813802032861652
20_24_50,1.5136497021535872e-09,0.017875914055432634
20_24_55,1.5142398292669798e-09,0.017739763608494042
20_24_60,1.5125122362334726e-09,0.01813834309806834
20_24_65,1.5132514001907695e-09,0.01796780780005725
20_24_70,1.5126818742934901e-09,0.018099205262905323
20_24_75,1.5133351131491117e-09,0.017948494068431988
20_24_80,1.512348699244568e-09,0.018176073332156942
20_24_85,1.513315643257443e-09,0.01795298604040274
20_24_90,1.5127845318857228e-09,0.018075520743507878
20_24_95,1.5089515662833396e-09,0.01898079410695049
20_28_32,1.4652146885105217e-09,0.03450494563440064
20_28_36,1.5208336366191946e-09,0.01659958223482511
20_28_40,1.463177581270762e-09,0.03551590545846791
20_28_45,1.5203860018398165e-09,0.01667621281185044
20_28_50,1.520830652750972e-09,0.016600093043087148
20_28_55,1.521454825659368e-09,0.016494074720505472
20_28_60,1.5214818612832584e-09,0.016489900873544714
20_28_65,1.5211708581732282e-09,0.016541853292702087
20_28_70,1.5190699078707956e-09,0.016901514877086844
20_28_75,1.4623427900945678e-09,0.035932238814356136
20_28_80,1.464047206128627e-09,0.035082199585953544
20_28_85,1.463102610824088e-09,0.03555329528546456
20_28_90,1.464548574778677e-09,0.03483215322877467
20_28_95,1.463102610824088e-09,0.03555329528546456
20_32_36,1.4635005541974612e-09,0.03535482996286114
20_32_40,1.4625522982502553e-09,0.035827751325711386
20_32_45,1.4626553134218212e-09,0.035776374821852135
20_32_50,1.4633830479718939e-09,0.035413433554541664
20_32_55,1.4637348545202626e-09,0.035237977937517095
20_32_60,1.4631792984596508e-09,0.03551504904906504
20_32_65,1.4630948329685316e-09,0.03555717431629022
20_32_70,1.463706950200815e-09,0.03525189459031687
20_32_75,1.4623427900945678e-09,0.035932238814356136
20_32_80,1.464047206128627e-09,0.035082199585953544
20_32_85,1.4628197443590598e-09,0.03569436858380764
20_32_90,1.464548574778677e-09,0.03483215322877467
20_32_95,1.4626874804101577e-09,0.03576033225865203
20_36_40,1.4613312072514664e-09,0.03650555845144916
20_36_45,1.4993930242332727e-09,0.021329818785895165
20_36_50,1.4633830479718939e-09,0.035413433554541664
20_36_55,1.4637348545202626e-09,0.035237977937517095
20_36_60,1.4631792984596508e-09,0.03551504904906504
20_36_65,1.4630948329685316e-09,0.03555717431629022
20_36_70,1.463706950200815e-09,0.03525189459031687
20_36_75,1.4623427900945678e-09,0.035932238814356136
20_36_80,1.464047206128627e-09,0.035082199585953544
20_36_85,1.4635005541974612e-09,0.03535482996286114
20_36_90,1.464548574778677e-09,0.03483215322877467
20_36_95,1.4635005541974612e-09,0.03535482996286114
20_40_45,1.4612446326483465e-09,0.03655491949115245
20_40_50,1.4615836360383803e-09,0.036361634634023615
20_40_55,1.461980836980087e-09,0.03613516808670812
20_40_60,1.4611303486772232e-09,0.03662007919657154
20_40_65,1.4617469407017298e-09,0.03626852548098288
20_40_70,1.4615611913694891e-09,0.03637443159932685
20_40_75,1.4625872218318143e-09,0.03581033397353434
20_40_80,1.4623334920217885e-09,0.03593687601938881
20_40_85,1.4628543053107298e-09,0.03567713208514575
20_40_90,1.460974771363875e-09,0.03670878255372677
20_40_95,1.4624909582429157e-09,0.035858343277128946
20_45_50,1.4626553134218212e-09,0.035776374821852135
20_45_55,1.4626553134218212e-09,0.035776374821852135
20_45_60,1.4626553134218212e-09,0.035776374821852135
20_45_65,1.4630948329685316e-09,0.03555717431629022
20_45_70,1.4626553134218212e-09,0.035776374821852135
20_45_75,1.4626553134218212e-09,0.035776374821852135
20_45_80,1.4626553134218212e-09,0.035776374821852135
20_45_85,1.4626553134218212e-09,0.035776374821852135
20_45_90,1.464548574778677e-09,0.03483215322877467
20_45_95,1.4626553134218212e-09,0.035776374821852135
20_50_55,1.4637348545202626e-09,0.035237977937517095
20_50_60,1.4633830479718939e-09,0.035413433554541664
20_50_65,1.4630948329685316e-09,0.03555717431629022
20_50_70,1.4633830479718939e-09,0.035413433554541664
20_50_75,1.4633830479718939e-09,0.035413433554541664
20_50_80,1.464047206128627e-09,0.035082199585953544
20_50_85,1.4633830479718939e-09,0.035413433554541664
20_50_90,1.464548574778677e-09,0.03483215322877467
20_50_95,1.4633830479718939e-09,0.035413433554541664
20_55_60,1.4637348545202626e-09,0.035237977937517095
20_55_65,1.4630948329685316e-09,0.03555717431629022
20_55_70,1.4637348545202626e-09,0.035237977937517095
20_55_75,1.4637348545202626e-09,0.035237977937517095
20_55_80,1.464047206128627e-09,0.035082199585953544
20_55_85,1.4637348545202626e-09,0.035237977937517095
20_55_90,1.464548574778677e-09,0.03483215322877467
20_55_95,1.4637348545202626e-09,0.035237977937517095
20_60_65,1.4630948329685316e-09,0.03555717431629022
20_60_70,1.4631792984596508e-09,0.03551504904906504
20_60_75,1.4631792984596508e-09,0.03551504904906504
20_60_80,1.464047206128627e-09,0.035082199585953544
20_60_85,1.4631792984596508e-09,0.03551504904906504
20_60_90,1.464548574778677e-09,0.03483215322877467
20_60_95,1.4631792984596508e-09,0.03551504904906504
20_65_70,1.4630948329685316e-09,0.03555717431629022
20_65_75,1.4630948329685316e-09,0.03555717431629022
20_65_80,1.4630948329685316e-09,0.03555717431629022
20_65_85,1.4630948329685316e-09,0.03555717431629022
20_65_90,1.464548574778677e-09,0.03483215322877467
20_65_95,1.4630948329685316e-09,0.03555717431629022
20_70_75,1.4623427900945678e-09,0.035932238814356136
20_70_80,1.464047206128627e-09,0.035082199585953544
20_70_85,1.463706950200815e-09,0.03525189459031687
20_70_90,1.464548574778677e-09,0.03483215322877467
20_70_95,1.463706950200815e-09,0.03525189459031687
20_75_80,1.464047206128627e-09,0.035082199585953544
20_75_85,1.4623427900945678e-09,0.035932238814356136
20_75_90,1.4615338274594867e-09,0.03639003330004957
20_75_95,1.4623427900945678e-09,0.035932238814356136
20_80_85,1.464047206128627e-09,0.035082199585953544
20_80_90,1.4615338274594867e-09,0.03639003330004957
20_80_95,1.464047206128627e-09,0.035082199585953544
20_85_90,1.4615338274594867e-09,0.03639003330004957
20_85_95,1.4628197443590598e-09,0.03569436858380764
20_90_95,1.4615338274594867e-09,0.03639003330004957
24_28_32,1.5148703042585986e-09,0.017620444823788668
24_28_36,1.5214901118708157e-09,0.016488627121182306
24_28_40,1.5158429038835845e-09,0.01745394553930321
24_28_45,1.5215386547804872e-09,0.016481132909958746
24_28_50,1.5220169979477572e-09,0.01640728474640357
24_28_55,1.520611637429506e-09,0.016637586265764365
24_28_60,1.5223306899735656e-09,0.0163671961774652
24_28_65,1.5221508427205482e-09,0.016386621357965342
24_28_70,1.5217908603328454e-09,0.016442196601980607
24_28_75,1.521113950533445e-09,0.01655159530890513
24_28_80,1.521044899337882e-09,0.0165634161798563
24_28_85,1.5209102515267578e-09,0.01658646653236908
24_28_90,1.521686350196835e-09,0.01645833121442069
24_28_95,1.5157262219086841e-09,0.017473920321149944
24_32_36,1.5134446213149004e-09,0.017923229027431195
24_32_40,1.4665188510470962e-09,0.03391274539294516
24_32_45,1.513914812885503e-09,0.01781474936087885
24_32_50,1.5149161511817141e-09,0.017612596291156666
24_32_55,1.5131282252216467e-09,0.017996225960682476
24_32_60,1.5136978480895914e-09,0.01786480612536723
24_32_65,1.5146525778389098e-09,0.01765771739943075
24_32_70,1.5137866489776008e-09,0.01784431853834302
24_32_75,1.5144937792812277e-09,0.017684902117121534
24_32_80,1.5136420939966978e-09,0.017877669361937583
24_32_85,1.514393472217551e-09,0.01770431606521999
24_32_90,1.5143473838778793e-09,0.01771494927949281
24_32_95,1.5120324779005367e-09,0.01824902994835765
24_36_40,1.514258035509648e-09,0.017735563177739257
24_36_45,1.5215386547804872e-09,0.016481132909958746
24_36_50,1.5220169979477572e-09,0.01640728474640357
24_36_55,1.5225163362744741e-09,0.016348007251806403
24_36_60,1.5223306899735656e-09,0.0163671961774652
24_36_65,1.5221508427205482e-09,0.016386621357965342
24_36_70,1.5217908603328454e-09,0.016442196601980607
24_36_75,1.5159636778185966e-09,0.017433270254995664
24_36_80,1.5153005752279744e-09,0.01754678675658864
24_36_85,1.5149975216923885e-09,0.017598666477225505
24_36_90,1.5166574554634434e-09,0.017314502492299242
24_36_95,1.5146209856037956e-09,0.01766312567268798
24_40_45,1.5144796144931146e-09,0.01768732698653863
24_40_50,1.5130110189990787e-09,0.018023267049330084
24_40_55,1.5136351919074748e-09,0.0178792617689143
24_40_60,1.5143731033269917e-09,0.017709015448607614
24_40_65,1.5152801679531944e-09,0.017550280277007387
24_40_70,1.5146236512870176e-09,0.01766266933450142
24_40_75,1.515272304238194e-09,0.0175516264660119
24_40_80,1.5141893641158631e-09,0.01775140661340509
24_40_85,1.5130520295101943e-09,0.018013805359990892
24_40_90,1.5152466979215244e-09,0.01755601001016956
24_40_95,1.5128815449770658e-09,0.01805313848815055
24_45_50,1.5470245217603691e-09,0.018473989220794844
24_45_55,1.5151671880355167e-09,0.017569621303850612
24_45_60,1.5151671880355167e-09,0.017569621303850612
24_45_65,1.515732284595573e-09,0.017472882450063874
24_45_70,1.5151671880355167e-09,0.017569621303850612
24_45_75,1.5151671880355167e-09,0.017569621303850612
24_45_80,1.5151671880355167e-09,0.017569621303850612
24_45_85,1.5151671880355167e-09,0.017569621303850612
24_45_90,1.5166574554634434e-09,0.017314502492299242
24_45_95,1.5148600223375973e-09,0.017622204985365816
24_50_55,1.514897540894601e-09,0.01761578218534039
24_50_60,1.514443596961222e-09,0.017693492826145147
24_50_65,1.515732284595573e-09,0.017472882450063874
24_50_70,1.514443596961222e-09,0.017693492826145147
24_50_75,1.514443596961222e-09,0.017693492826145147
24_50_80,1.5153005752279744e-09,0.01754678675658864
24_50_85,1.514443596961222e-09,0.017693492826145147
24_50_90,1.5141430080967474e-09,0.017762101585009793
24_50_95,1.5140627971936286e-09,0.017780607344296477
24_55_60,1.514897540894601e-09,0.01761578218534039
24_55_65,1.515732284595573e-09,0.017472882450063874
24_55_70,1.514897540894601e-09,0.01761578218534039
24_55_75,1.514897540894601e-09,0.01761578218534039
24_55_80,1.5153005752279744e-09,0.01754678675658864
24_55_85,1.514897540894601e-09,0.01761578218534039
24_55_90,1.5141430080967474e-09,0.017762101585009793
24_55_95,1.514528089725342e-09,0.017679028513792154
24_60_65,1.515732284595573e-09,0.017472882450063874
24_60_70,1.5153622647337577e-09,0.017536226132967802
24_60_75,1.5153622647337577e-09,0.017536226132967802
24_60_80,1.5153005752279744e-09,0.01754678675658864
24_60_85,1.5153622647337577e-09,0.017536226132967802
24_60_90,1.5141430080967474e-09,0.017762101585009793
24_60_95,1.5149870589614982e-09,0.017600457591639133
24_65_70,1.515732284595573e-09,0.017472882450063874
24_65_75,1.515732284595573e-09,0.017472882450063874
24_65_80,1.515732284595573e-09,0.017472882450063874
24_65_85,1.515732284595573e-09,0.017472882450063874
24_65_90,1.5141430080967474e-09,0.017762101585009793
24_65_95,1.5154408160243218e-09,0.017522778941196054
24_70_75,1.5142469202469804e-09,0.017738127621815238
24_70_80,1.5153005752279744e-09,0.01754678675658864
24_70_85,1.5152746820397493e-09,0.017551219410274457
24_70_90,1.5141430080967474e-09,0.017762101585009793
24_70_95,1.5149040429798237e-09,0.017614669093674075
24_75_80,1.5153005752279744e-09,0.01754678675658864
24_75_85,1.5142469202469804e-09,0.017738127621815238
24_75_90,1.5141430080967474e-09,0.017762101585009793
24_75_95,1.513846365736385e-09,0.0178305410602138
24_80_85,1.5153005752279744e-09,0.01754678675658864
24_80_90,1.5141430080967474e-09,0.017762101585009793
24_80_95,1.5149411999170496e-09,0.01760830819932161
24_85_90,1.5141430080967474e-09,0.017762101585009793
24_85_95,1.5136873035397024e-09,0.017867238898150534
24_90_95,1.513991210619177e-09,0.017797123352263616
28_32_36,1.5218306284072946e-09,0.016436057078167653
28_32_40,1.4654673779061023e-09,0.034390203248479106
28_32_45,1.521706342315949e-09,0.016455244766483006
28_32_50,1.5220162646070908e-09,0.016407397961904872
28_32_55,1.5226404375154868e-09,0.016335179797252755
28_32_60,1.5225596902433665e-09,0.016343526063212717
28_32_65,1.5224911986493604e-09,0.016350605547690487
28_32_70,1.5221962441846639e-09,0.016381092873686758
28_32_75,1.5210641146815513e-09,0.016560126706068785
28_32_80,1.5208064807920807e-09,0.01660423103960345
28_32_85,1.5211257001458909e-09,0.01654958389329792
28_32_90,1.5203229870682546e-09,0.016687000307658066
28_32_95,1.5107000403337371e-09,0.018556441633264927
28_36_40,1.5211615348476717e-09,0.016543449352369698
28_36_45,1.5239431727650612e-09,0.016231478624399838
28_36_50,1.5224616973442463e-09,0.016353654885856123
28_36_55,1.5229383384742943e-09,0.016304387913308526
28_36_60,1.5227809369002776e-09,0.01632065738427354
28_36_65,1.5224743792892476e-09,0.01635234404422532
28_36_70,1.5222445254755578e-09,0.01637610238318337
28_36_75,1.5232574174226595e-09,0.01627212864077549
28_36_80,1.5233615245243363e-09,0.016265499071091687
28_36_85,1.523146186007315e-09,0.016282904205634368
28_36_90,1.5217054412968373e-09,0.016455383868724385
28_36_95,1.522932770741849e-09,0.0163049634098493
28_40_45,1.5228851379422885e-09,0.01630988687045807
28_40_50,1.5207251264431835e-09,0.016618158086800706
28_40_55,1.521383345146583e-09,0.016505477657633803
28_40_60,1.5216334789610513e-09,0.01646649364661306
28_40_65,1.5209152445059802e-09,0.01658561178448864
28_40_70,1.521544841711043e-09,0.016480177751631332
28_40_75,1.522456633657246e-09,0.01635417828283709
28_40_80,1.5219677449299743e-09,0.01641488858641153
28_40_85,1.5204224971542646e-09,0.016669965180670425
28_40_90,1.5216316304577184e-09,0.016466779024529588
28_40_95,1.5204224971542646e-09,0.016669965180670425
28_45_50,1.5485382187155207e-09,0.01917614894378638
28_45_55,1.5485382187155207e-09,0.01917614894378638
28_45_60,1.5341911085777527e-09,0.015828519918748302
28_45_65,1.5699759179409977e-09,0.030595916430381995
28_45_70,1.5239431727650612e-09,0.016231478624399838
28_45_75,1.5239431727650612e-09,0.016231478624399838
28_45_80,1.5239431727650612e-09,0.016231478624399838
28_45_85,1.5214402295538112e-09,0.016496328114437176
28_45_90,1.524145653577748e-09,0.01622271685045507
28_45_95,1.523512149262907e-09,0.01625590724513192
28_50_55,1.548564831102857e-09,0.019188493651527697
28_50_60,1.5333763883093377e-09,0.01584825611034644
28_50_65,1.5224743792892476e-09,0.01635234404422532
28_50_70,1.5224616973442463e-09,0.016353654885856123
28_50_75,1.5224616973442463e-09,0.016353654885856123
28_50_80,1.5233615245243363e-09,0.016265499071091687
28_50_85,1.5220449022672048e-09,0.016402976787416264
28_50_90,1.524145653577748e-09,0.01622271685045507
28_50_95,1.5217930361121794e-09,0.016441860698137686
28_55_60,1.5229383384742943e-09,0.016304387913308526
28_55_65,1.5224743792892476e-09,0.01635234404422532
28_55_70,1.5229383384742943e-09,0.016304387913308526
28_55_75,1.5229383384742943e-09,0.016304387913308526
28_55_80,1.5233615245243363e-09,0.016265499071091687
28_55_85,1.5225215433972528e-09,0.016347469028898602
28_55_90,1.524145653577748e-09,0.01622271685045507
28_55_95,1.5223037230372308e-09,0.01636998355612044
28_60_65,1.5224743792892476e-09,0.01635234404422532
28_60_70,1.5227809369002776e-09,0.01632065738427354
28_60_75,1.5227809369002776e-09,0.01632065738427354
28_60_80,1.5233615245243363e-09,0.016265499071091687
28_60_85,1.5223933906005724e-09,0.016360715263681855
28_60_90,1.524145653577748e-09,0.01622271685045507
28_60_95,1.5221123221333218e-09,0.016392568290670522
28_65_70,1.5224743792892476e-09,0.01635234404422532
28_65_75,1.5224743792892476e-09,0.01635234404422532
28_65_80,1.5224743792892476e-09,0.01635234404422532
28_65_85,1.5220210232405358e-09,0.01640666330869984
28_65_90,1.524145653577748e-09,0.01622271685045507
28_65_95,1.5219770025983087e-09,0.01641345935766512
28_70_75,1.5232574174226595e-09,0.01627212864077549
28_70_80,1.5233615245243363e-09,0.016265499071091687
28_70_85,1.5218789157588546e-09,0.016428602320831032
28_70_90,1.5217054412968373e-09,0.016455383868724385
28_70_95,1.5215770592049353e-09,0.016475203910838607
28_75_80,1.5233615245243363e-09,0.016265499071091687
28_75_85,1.5228771833172884e-09,0.01631070908295048
28_75_90,1.524145653577748e-09,0.01622271685045507
28_75_95,1.5226262010094852e-09,0.016336651322696415
28_80_85,1.5229447294472948e-09,0.016303727324300334
28_80_90,1.524145653577748e-09,0.01622271685045507
28_80_95,1.5227571366622757e-09,0.016323117444050888
28_85_90,1.5212082120821212e-09,0.016535458678779112
28_85_95,1.5223301707764556e-09,0.01636724984314397
28_90_95,1.5216521811682764e-09,0.016463606339440058
32_36_40,1.465933540143482e-09,0.03417852611331244
32_36_45,1.521706342315949e-09,0.016455244766483006
32_36_50,1.5220162646070908e-09,0.016407397961904872
32_36_55,1.5226404375154868e-09,0.016335179797252755
32_36_60,1.5225596902433665e-09,0.016343526063212717
32_36_65,1.5224911986493604e-09,0.016350605547690487
32_36_70,1.5221962441846639e-09,0.016381092873686758
32_36_75,1.5232542264816593e-09,0.01627233184080104
32_36_80,1.5231946097238752e-09,0.016277898993612133
32_36_85,1.5218306284072946e-09,0.016436057078167653
32_36_90,1.5233107886634424e-09,0.016268729945065254
32_36_95,1.5092516177687032e-09,0.018907056047277736
32_40_45,1.464046473798071e-09,0.0350825648193755
32_40_50,1.4641550051864153e-09,0.03502843722625149
32_40_55,1.4645635547264563e-09,0.03482468231615857
32_40_60,1.4659705990999295e-09,0.03416169820855308
32_40_65,1.4645644789781228e-09,0.034824221366391746
32_40_70,1.4638682548441642e-09,0.03517144752115636
32_40_75,1.4649819983048315e-09,0.034615992976593374
32_40_80,1.4649262856264922e-09,0.034643778424020236
32_40_85,1.465136020047069e-09,0.034540667779259876
32_40_90,1.464167237631972e-09,0.03502233656868044
32_40_95,1.4646553687759098e-09,0.03477889212045844
32_45_50,1.5476781070841015e-09,0.018777168326957035
32_45_55,1.5502752835609168e-09,0.02003920981301648
32_45_60,1.5346922247000251e-09,0.015822020634453864
32_45_65,1.5695229235120635e-09,0.03035298759726899
32_45_70,1.521706342315949e-09,0.016455244766483006
32_45_75,1.5320950482232098e-09,0.01587929593397997
32_45_80,1.5502752835609168e-09,0.02003920981301648
32_45_85,1.521706342315949e-09,0.016455244766483006
32_45_90,1.5681278125912572e-09,0.02960482681115955
32_45_95,1.5087204599318725e-09,0.019037588806415543
32_50_55,1.5487990213235471e-09,0.019299514332456424
32_50_60,1.5338497869827186e-09,0.01583678826391823
32_50_65,1.5486199346841955e-09,0.019214054590444028
32_50_70,1.5220162646070908e-09,0.016407397961904872
32_50_75,1.531483082507593e-09,0.015905210748193038
32_50_80,1.5470758990418187e-09,0.01849782163823343
32_50_85,1.5196495601319652e-09,0.01680228423350474
32_50_90,1.4665425583548767e-09,0.03390198026743497
32_50_95,1.4652153572040775e-09,0.03450464199089452
32_55_60,1.534530702882787e-09,0.01582208766225266
32_55_65,1.5486199346841955e-09,0.019214054590444028
32_55_70,1.5226404375154868e-09,0.016335179797252755
32_55_75,1.529774596735867e-09,0.015979140548854454
32_55_80,1.4658795153608105e-09,0.034203057940017684
32_55_85,1.4655671637524462e-09,0.0343448920233507
32_55_90,1.4665425583548767e-09,0.03390198026743497
32_55_95,1.4655671637524462e-09,0.0343448920233507
32_60_65,1.5329426930632943e-09,0.01585876216107695
32_60_70,1.4671731767822727e-09,0.033615626094165255
32_60_75,1.4671731767822727e-09,0.033615626094165255
32_60_80,1.4658795153608105e-09,0.034203057940017684
32_60_85,1.4671731767822727e-09,0.033615626094165255
32_60_90,1.4665425583548767e-09,0.03390198026743497
32_60_95,1.4671731767822727e-09,0.033615626094165255
32_65_70,1.4676208529762068e-09,0.033412343188310545
32_65_75,1.4650079793727233e-09,0.034603035502325116
32_65_80,1.4650079793727233e-09,0.034603035502325116
32_65_85,1.4650079793727233e-09,0.034603035502325116
32_65_90,1.4665425583548767e-09,0.03390198026743497
32_65_95,1.4650079793727233e-09,0.034603035502325116
32_70_75,1.466311319678854e-09,0.03400698221001049
32_70_80,1.4658795153608105e-09,0.034203057940017684
32_70_85,1.4654314765369876e-09,0.034406505510553034
32_70_90,1.4665425583548767e-09,0.03390198026743497
32_70_95,1.4654314765369876e-09,0.034406505510553034
32_75_80,1.4658795153608105e-09,0.034203057940017684
32_75_85,1.466311319678854e-09,0.03400698221001049
32_75_90,1.4665425583548767e-09,0.03390198026743497
32_75_95,1.466311319678854e-09,0.03400698221001049
32_80_85,1.4658795153608105e-09,0.034203057940017684
32_80_90,1.4665425583548767e-09,0.03390198026743497
32_80_95,1.4658795153608105e-09,0.034203057940017684
32_85_90,1.4665425583548767e-09,0.03390198026743497
32_85_95,1.4666213207586627e-09,0.03386621546570854
32_90_95,1.4665425583548767e-09,0.03390198026743497
36_40_45,1.5228851379422885e-09,0.01630988687045807
36_40_50,1.5232964955912183e-09,0.016269640131947524
36_40_55,1.5239660628929524e-09,0.016230488120047907
36_40_60,1.5240536041724043e-09,0.016226700023332864
36_40_65,1.523732782782373e-09,0.01624185724020115
36_40_70,1.5238519051857181e-09,0.016235427966009415
36_40_75,1.522456633657246e-09,0.01635417828283709
36_40_80,1.5219677449299743e-09,0.01641488858641153
36_40_85,1.5211615348476717e-09,0.016543449352369698
36_40_90,1.5216316304577184e-09,0.016466779024529588
36_40_95,1.5096557026176323e-09,0.01880775164734408
36_45_50,1.5490422803217934e-09,0.01941930532047782
36_45_55,1.5490422803217934e-09,0.01941930532047782
36_45_60,1.5347671789849213e-09,0.015821989530168324
36_45_65,1.5703771098317044e-09,0.030811064943561423
36_45_70,1.5245706780300129e-09,0.016204325141520655
36_45_75,1.530688578602958e-09,0.015939590616182817
36_45_80,1.551081580512775e-09,0.02046338708630147
36_45_85,1.5234971289106836e-09,0.016256863745410327
36_45_90,1.568573536240413e-09,0.02984385651895313
36_45_95,1.523512149262907e-09,0.01625590724513192
36_50_55,1.5490071708797901e-09,0.019402015950806914
36_50_60,1.5339010238587236e-09,0.015835547076186778
36_50_65,1.547772139337555e-09,0.01882078713771865
36_50_70,1.5230480547229716e-09,0.01629304733216508
36_50_75,1.5320921956694315e-09,0.015879365035670567
36_50_80,1.5477411663005519e-09,0.018806419652200288
36_50_85,1.5238713296223875e-09,0.01623458742946254
36_50_90,1.546704208456226e-09,0.01832540525215949
36_50_95,1.5237255958418172e-09,0.01624231490660873
36_55_60,1.5344457565787782e-09,0.015822351198104934
36_55_65,1.549827136655205e-09,0.019806883200664354
36_55_70,1.5235246958530195e-09,0.016255108274724456
36_55_75,1.5308054030035255e-09,0.015934535376748448
36_55_80,1.5495714189465127e-09,0.01967987549100547
36_55_85,1.5243593193507699e-09,0.0162134710795689
36_55_90,1.54913413376558e-09,0.019464537829300525
36_55_95,1.5242476313652028e-09,0.01621830405543901
36_60_65,1.5333871581140054e-09,0.015847995217207245
36_60_70,1.5233261463927766e-09,0.01626775196051693
36_60_75,1.5316140676558274e-09,0.01589954274319187
36_60_80,1.5330991451328655e-09,0.015854972187830066
36_60_85,1.524068574019073e-09,0.016226052246337337
36_60_90,1.5321246566001013e-09,0.015878578685837367
36_60_95,1.5238936379262775e-09,0.0162336221018684
36_65_70,1.5231121715257558e-09,0.016286420038456127
36_65_75,1.5313321607963556e-09,0.015911741450533073
36_65_80,1.549827136655205e-09,0.019806883200664354
36_65_85,1.5240936197240764e-09,0.016224968465594777
36_65_90,1.524834880672039e-09,0.016192892533194336
36_65_95,1.5241557314563045e-09,0.01622228075928878
36_70_75,1.5237923399436018e-09,0.01623806462332699
36_70_80,1.5239478819030615e-09,0.016231274850016995
36_70_85,1.5234410374406775e-09,0.016260435666087043
36_70_90,1.524834880672039e-09,0.016192892533194336
36_70_95,1.5232453132612132e-09,0.016272899437200308
36_75_80,1.5239478819030615e-09,0.016231274850016995
36_75_85,1.5228771833172884e-09,0.01631070908295048
36_75_90,1.524834880672039e-09,0.016192892533194336
36_75_95,1.5226262010094852e-09,0.016336651322696415
36_80_85,1.5229447294472948e-09,0.016303727324300334
36_80_90,1.524834880672039e-09,0.016192892533194336
36_80_95,1.5227571366622757e-09,0.016323117444050888
36_85_90,1.5236557365573658e-09,0.016246763565603863
36_85_95,1.522932770741849e-09,0.0163049634098493
36_90_95,1.5242058380179761e-09,0.016220112542158997
40_45_50,1.5481017082898103e-09,0.01897366453067016
40_45_55,1.5509035494395349e-09,0.020367913768932325
40_45_60,1.534092502541187e-09,0.015830908600736254
40_45_65,1.568813395204659e-09,0.029972486485624145
40_45_70,1.5228851379422885e-09,0.01630988687045807
40_45_75,1.5312906613914624e-09,0.015913537217745206
40_45_80,1.5509035494395349e-09,0.020367913768932325
40_45_85,1.5200832967925638e-09,0.016728032874785734
40_45_90,1.5695186244791737e-09,0.030350682140564227
40_45_95,1.5088759321936653e-09,0.01899938128711711
40_50_55,1.547210522610277e-09,0.018560269572223804
40_50_60,1.533581972183358e-09,0.0158432759436752
40_50_65,1.5490906272699088e-09,0.019443113396332427
40_50_70,1.5232964955912183e-09,0.016269640131947524
40_50_75,1.5310106030353232e-09,0.01592565593642909
40_50_80,1.5478956809770115e-09,0.0188780944891297
40_50_85,1.5207251264431835e-09,0.016618158086800706
40_50_90,1.5471713606024946e-09,0.018542103462790442
40_50_95,1.5104396498510437e-09,0.018616517301358586
40_55_60,1.53429693387843e-09,0.0158259563536928
40_55_65,1.5490906272699088e-09,0.019443113396332427
40_55_70,1.5239660628929524e-09,0.016230488120047907
40_55_75,1.5317142161320605e-09,0.01589520910634986
40_55_80,1.5478956809770115e-09,0.0188780944891297
40_55_85,1.521383345146583e-09,0.016505477657633803
40_55_90,1.5471713606024946e-09,0.018542103462790442
40_55_95,1.508469756414736e-09,0.019099199535935453
40_60_65,1.5350029358879446e-09,0.01582189169653487
40_60_70,1.5240536041724043e-09,0.016226700023332864
40_60_75,1.5313139798064636e-09,0.015912528180502223
40_60_80,1.5323389193487893e-09,0.01587338827776188
40_60_85,1.5216334789610513e-09,0.01646649364661306
40_60_90,1.5344014955301065e-09,0.015823423399903235
40_60_95,1.5095328529042857e-09,0.01883794213109579
40_65_70,1.523732782782373e-09,0.01624185724020115
40_65_75,1.5321853976115516e-09,0.015877107265171515
40_65_80,1.5490906272699088e-09,0.019443113396332427
40_65_85,1.5209152445059802e-09,0.01658561178448864
40_65_90,1.5695186244791737e-09,0.030350682140564227
40_65_95,1.5096450914004086e-09,0.018810359368375305
40_70_75,1.522456633657246e-09,0.01635417828283709
40_70_80,1.5219677449299743e-09,0.01641488858641153
40_70_85,1.5192377782363679e-09,0.01687277715702612
40_70_90,1.5216316304577184e-09,0.016466779024529588
40_70_95,1.445411747046763e-09,0.04558213609548788
40_75_80,1.5297461257440856e-09,0.015980372549016193
40_75_85,1.5200618571842286e-09,0.01673170312033774
40_75_90,1.4450124400233896e-09,0.04580980343815237
40_75_95,1.4458237865206935e-09,0.045347209268230625
40_80_85,1.4441839367888626e-09,0.04628217962678096
40_80_90,1.4450124400233896e-09,0.04580980343815237
40_80_95,1.4441839367888626e-09,0.04628217962678096
40_85_90,1.4450124400233896e-09,0.04580980343815237
40_85_95,1.4446005874200155e-09,0.04604462372001851
40_90_95,1.4450124400233896e-09,0.04580980343815237
45_50_55,1.5502522803005808e-09,0.020027284550387627
45_50_60,1.548521106423185e-09,0.01916821105211966
45_50_65,1.5708587641431969e-09,0.031082476313382495
45_50_70,1.5493037152593748e-09,0.019548046907436476
45_50_75,1.549283114043262e-09,0.019537901999949415
45_50_80,1.5502522803005808e-09,0.020027284550387627
45_50_85,1.5502368205500241e-09,0.020019269965373516
45_50_90,1.5696252417069624e-09,0.03040785811687234
45_50_95,1.549468530038836e-09,0.019629208654440795
45_55_60,1.5504527772550447e-09,0.02013122541804465
45_55_65,1.569510286011951e-09,0.030346210442938452
45_55_70,1.5493037152593748e-09,0.019548046907436476
45_55_75,1.551237719447902e-09,0.02054712023375565
45_55_80,1.550817008170082e-09,0.02032150399375305
45_55_85,1.5502368205500241e-09,0.020019269965373516
45_55_90,1.570179701797018e-09,0.030705200278456548
45_55_95,1.549468530038836e-09,0.019629208654440795
45_60_65,1.5706799189204007e-09,0.030980888763195286
45_60_70,1.5350659617707287e-09,0.01582186554225885
45_60_75,1.5356008762107827e-09,0.015821643565202922
45_60_80,1.5504527772550447e-09,0.02013122541804465
45_60_85,1.5358385250519177e-09,0.015821544946459164
45_60_90,1.5692027829369195e-09,0.030181304743387566
45_60_95,1.534327307919544e-09,0.01582522055771689
45_65_70,1.5705851907003915e-09,0.030927081299658526
45_65_75,1.5697396014364184e-09,0.030469186190370312
45_65_80,1.569920517386992e-09,0.03056620659052792
45_65_85,1.5696907423619693e-09,0.030442984371573518
45_65_90,1.5710007756643223e-09,0.03116314160767395
45_65_95,1.5699090374742132e-09,0.03056005021941724
45_70_75,1.5330319969866363e-09,0.015856598818135986
45_70_80,1.551337680043467e-09,0.020600726435701783
45_70_85,1.5255540282675558e-09,0.01616177349242586
45_70_90,1.5712595610804589e-09,0.031310136735854976
45_70_95,1.5256751809942344e-09,0.016156530957146316
45_75_80,1.551237719447902e-09,0.02054712023375565
45_75_85,1.5337816256950453e-09,0.015838439437069585
45_75_90,1.570378350248149e-09,0.030811730145824945
45_75_95,1.5321642761882165e-09,0.015877618921102874
45_80_85,1.5522937199068965e-09,0.02111342512159695
45_80_90,1.570671979447067e-09,0.03097637898858043
45_80_95,1.5516315617701635e-09,0.020758327369354644
45_85_90,1.570158701587016e-09,0.03069393842580439
45_85_95,1.523512149262907e-09,0.01625590724513192
45_90_95,1.5701716613125726e-09,0.030700888381048525
50_55_60,1.5484975910365162e-09,0.01915730295236225
50_55_65,1.5491324256676908e-09,0.019463696689876023
50_55_70,1.549236593376035e-09,0.01951499326181137
50_55_75,1.5491780826899185e-09,0.01948618013279982
50_55_80,1.548983105992676e-09,0.019390165385669268
50_55_85,1.5482504067464923e-09,0.01904264139344164
50_55_90,1.5499561359249955e-09,0.01987375851089047
50_55_95,1.5495184396288413e-09,0.019653786241052525
50_60_65,1.549258871376592e-09,0.019525963888662207
50_60_70,1.5341731296100838e-09,0.015828955450260637
50_60_75,1.5347721911562553e-09,0.01582198745023373
50_60_80,1.549031611528236e-09,0.01941405155666866
50_60_85,1.5348298937534833e-09,0.015821963504997438
50_60_90,1.5483021193848293e-09,0.019066629373126923
50_60_95,1.5353209542196432e-09,0.015821759726321105
50_65_70,1.5480389096820258e-09,0.018944534094160935
50_65_75,1.548066273592029e-09,0.01895722741127601
50_65_80,1.550942953873983e-09,0.020389045316405213
50_65_85,1.5489647775265633e-09,0.01938113967611534
50_65_90,1.5718106979049587e-09,0.03162319312586379
50_65_95,1.5481217488942566e-09,0.018982960780635254
50_70_75,1.532369636827681e-09,0.015872644162177246
50_70_80,1.5479759242036863e-09,0.01891531697386952
50_70_85,1.5238713296223875e-09,0.01623458742946254
50_70_90,1.5494382519582767e-09,0.0196142984508646
50_70_95,1.5237255958418172e-09,0.01624231490660873
50_75_80,1.5479766211803533e-09,0.018915640280950132
50_75_85,1.5330034663983007e-09,0.01585728995738909
50_75_90,1.5492712755410383e-09,0.019532072222270946
50_75_95,1.5333883944900055e-09,0.01584796526661615
50_80_85,1.548814654813215e-09,0.019307212921972287
50_80_90,1.5499561359249955e-09,0.01987375851089047
50_80_95,1.5481589310842602e-09,0.019000208510535483
50_85_90,1.5481309813098133e-09,0.018987243428048847
50_85_95,1.5217930361121794e-09,0.016441860698137686
50_90_95,1.5497424065149742e-09,0.019764076979596017
55_60_65,1.549258871376592e-09,0.019525963888662207
55_60_70,1.5347178623301387e-09,0.01582200999543342
55_60_75,1.5352942266796412e-09,0.01582177081762878
55_60_80,1.549031611528236e-09,0.01941405155666866
55_60_85,1.5353859750718727e-09,0.01582173274417916
55_60_90,1.5483021193848293e-09,0.019066629373126923
55_60_95,1.5339671730050639e-09,0.015833944646154202
55_65_70,1.5500885715927863e-09,0.01994241530548228
55_65_75,1.5500365761233372e-09,0.01991546001220505
55_65_80,1.5515076817434843e-09,0.020691893814315174
55_65_85,1.5489647775265633e-09,0.01938113967611534
55_65_90,1.572354890215569e-09,0.03194173722624655
55_65_95,1.5503004777522523e-09,0.02005227088975118
55_70_75,1.5329030209494015e-09,0.015859723198222164
55_70_80,1.5498008414427577e-09,0.01979325133675754
55_70_85,1.5243593193507699e-09,0.0162134710795689
55_70_90,1.5494382519582767e-09,0.0196142984508646
55_70_95,1.5242476313652028e-09,0.01621830405543901
55_75_80,1.5497221790399724e-09,0.01975411611799127
55_75_85,1.5317104231648384e-09,0.015895373236081117
55_75_90,1.5492712755410383e-09,0.019532072222270946
55_75_95,1.5320232646770917e-09,0.015881835920744807
55_80_85,1.5506625066250664e-09,0.020239952519418892
55_80_90,1.5506030060300606e-09,0.020209106447529383
55_80_95,1.5501129152705668e-09,0.019955035462218516
55_85_90,1.550578505785058e-09,0.020196405123810053
55_85_95,1.5223037230372308e-09,0.01636998355612044
55_90_95,1.5497424065149742e-09,0.019764076979596017
60_65_70,1.533691276306702e-09,0.01584062810587809
60_65_75,1.5342741558728721e-09,0.015826508139501226
60_65_80,1.55120623933512e-09,0.020530238288689877
60_65_85,1.5344566021417793e-09,0.01582211841233732
60_65_90,1.5715250788871518e-09,0.031460955992256116
60_65_95,1.5350493757462828e-09,0.015821872425073363
60_70_75,1.5318701671865194e-09,0.01588846077366843
60_70_80,1.5352015035301865e-09,0.015821809295579997
60_70_85,1.524068574019073e-09,0.016226052246337337
60_70_90,1.5348907125434887e-09,0.01582193826661362
60_70_95,1.5238936379262775e-09,0.0162336221018684
60_75_80,1.5340121583034013e-09,0.015832854899769457
60_75_85,1.5324444911115774e-09,0.015870830854535126
60_75_90,1.5351998924029646e-09,0.015821809964160334
60_75_95,1.532800216891057e-09,0.015862213575191023
60_80_85,1.5340318403184034e-09,0.01583237811278601
60_80_90,1.5506244153350616e-09,0.020220205377903096
60_80_95,1.5344810417801147e-09,0.015822108270455666
60_85_90,1.5334458344583448e-09,0.01584657381207097
60_85_95,1.5221123221333218e-09,0.016392568290670522
60_90_95,1.5344204654167754e-09,0.015822963863873035
65_70_75,1.5316416143959416e-09,0.01589835073735884
65_70_80,1.5500885715927863e-09,0.01994241530548228
65_70_85,1.5240936197240764e-09,0.016224968465594777
65_70_90,1.5712595610804589e-09,0.031310136735854976
65_70_95,1.5241557314563045e-09,0.01622228075928878
65_75_80,1.5500365761233372e-09,0.01991546001220505
65_75_85,1.5323840056582387e-09,0.01587229608443337
65_75_90,1.5727235807711614e-09,0.03215926369127052
65_75_95,1.532870646888287e-09,0.015860507443683725
65_80_85,1.551037374010104e-09,0.020439680317688055
65_80_90,1.5728380516128392e-09,0.03222680118893837
65_80_95,1.5503004777522523e-09,0.02005227088975118
65_85_90,1.5726062260622608e-09,0.03209002471947195
65_85_95,1.5219770025983087e-09,0.01641345935766512
65_90_95,1.5727253181622725e-09,0.032160288747489184
70_75_80,1.5315516690520437e-09,0.01590224286303815
70_75_85,1.5245270179974533e-09,0.01620621440367162
70_75_90,1.532466122641024e-09,0.015870306841537927
70_75_95,1.5243821680641052e-09,0.01621248236731253
70_80_85,1.5229447294472948e-09,0.016303727324300334
70_80_90,1.5494382519582767e-09,0.0196142984508646
70_80_95,1.5247111208485823e-09,0.01619824788307751
70_85_90,1.5236557365573658e-09,0.016246763565603863
70_85_95,1.5215770592049353e-09,0.016475203910838607
70_90_95,1.5242058380179761e-09,0.016220112542158997
75_80_85,1.532183988506552e-09,0.015877141400036383
75_80_90,1.5516165060640507e-09,0.020750253395627742
75_80_95,1.5325270575938083e-09,0.015868830722740108
75_85_90,1.5309983099831002e-09,0.015926187882855214
75_85_95,1.5208702339548652e-09,0.01659331713863685
75_90_95,1.5318668085670755e-09,0.015888606108250686
80_85_90,1.550578505785058e-09,0.020196405123810053
80_85_95,1.5208031524759693e-09,0.01660480081388353
80_90_95,1.5497424065149742e-09,0.019764076979596017
85_90_95,1.5216521811682764e-09,0.016463606339440058
